pept_number,pept_name,mass,sequence,n_hyp,zooms_marker,note
pep1,COL1 A1 907-915,836.44,GPAGPQGPR,0,F,
pep2,COL1 A1 781-789,898.51,GVVGLPGQR,1,F,
pep3,COL1 A1 508-519,1105.58,GVQGPPGPAGPR,1,T,
pep4,COL1 A2 978-990,1192.68,IGQPGAVGPAGIR,0,T,
pep5,COL1 A2 978-990',1208.68,IGQPGAVGPAGIR,1,T,
pep6,COL1 A1 435-453,1690.78,DGEAGAQGPPGPAGPAGER ,0,F,
pep7,COL1 A1 435-453',1706.77,DGEAGAQGPPGPAGPAGER,1,F,
pep8,COL1 A1 271-291'',2019.95,GEPGPTGIQGPPGPAGEEGKR,2,F,
pep9,COL1 A1 757-780,2057.02,GAPGADGPAGAPGTPGPQGIAGQR,0,F,
pep10,COL1 A1 757-780',2073.01,GAPGADGPAGAPGTPGPQGIAGQR,1,F,
pep11,COL1 A1 375-396''',2088.94,TGPPGPAGQDGRPGPPGPPGAR,6,F,weird distribution 
pep12,COL1 A1 757-780'',2089,GAPGADGPAGAPGTPGPQGIAGQR,2,F,
pep13,COL1 A1 934-963'',2689.25,GFSGLQGPPGPPGSPGEQGPSGASGPAGPR,2,F,small and noisy
pep14,COL1 A1 934-963''',2705.24,GFSGLQGPPGPPGSPGEQGPSGASGPAGPR,3,F,
pep15,COL1 A2 757-789,3017.47,GPSGEPGTAGPPGTPGPQGLLGAPGFLGLPGSR,4,T,keratin contamination
pep16,COL1 A2 757-789â€™,3033.47,GPSGEPGTAGPPGTPGPQGLLGAPGFLGLPGSR,5,T,weird distribution 
pep17,COL1 A1 10-42'',3116.42,GLPGPPGAPGPQGFQGPPGEPGEPGASGPMGPR,7,F,
