pep_number,pep_name,mass,sequence,n_hyp,zooms_marker,note,taxon
pep1,COL1 A1 781-789,898.51,GVVGLPGQR,1,FALSE,NA,Bison/Yak
pep2,COL1 A1 508-519,1105.58,GVQGPPGPAGPR,1,TRUE,NA,Bison/Yak
pep3,COL1 A2 978-990,1192.68,IGQPGAVGPAGIR,0,TRUE,NA,Bison/Yak
pep4,COL1 A2 978-990',1208.68,IGQPGAVGPAGIR,1,TRUE,NA,Bison/Yak
pep5,COL1 A1 435-453',1706.77,DGEAGAQGPPGPAGPAGER,1,FALSE,NA,Bison/Yak
pep6,COL1 A2 757-789,3017.47,GPSGEPGTAGPPGTPGPQGLLGAPGFLGLPGSR,4,TRUE,keratin contamination,Bison/Yak
pep7,COL1 A2 757-789’,3033.47,GPSGEPGTAGPPGTPGPQGLLGAPGFLGLPGSR,5,TRUE,weird distribution,Bison/Yak
pep1,COL1 A1 781-789,898.51,GVVGLPGQR,1,FALSE,NA,Cervidae/Gazella/Saiga
pep2,COL1 A1 508-519,1105.58,GVQGPPGPAGPR,1,TRUE,NA,Cervidae/Gazella/Saiga
pep3,COL1 A2 978-990,1180.64,TGQPGAVGPAGIR,0,TRUE,NA,Cervidae/Gazella/Saiga
pep4,COL1 A2 978-990',1196.74,TGQPGAVGPAGIR,1,TRUE,NA,Cervidae/Gazella/Saiga
pep5,COL1 A1 435-453',1706.77,DGEAGAQGPPGPAGPAGER,1,FALSE,NA,Cervidae/Gazella/Saiga
pep6,COL1 A2 757-789,3017.47,GPSGEPGTAGPPGTPGPQGLLGAPGFLGLPGSR,4,TRUE,keratin contamination,Cervidae/Gazella/Saiga
pep7,COL1 A2 757-789’,3033.47,GPSGEPGTAGPPGTPGPQGLLGAPGFLGLPGSR,5,TRUE,weird distribution,Cervidae/Gazella/Saiga
pep1,COL1 A1 781-789,898.51,GVVGLPGQR,1,FALSE,NA,Ovis
pep2,COL1 A1 508-519,1105.58,GVQGPPGPAGPR,1,TRUE,NA,Ovis
pep3,COL1 A2 978-990,1180.64,TGQPGAVGPAGIR,0,TRUE,NA,Ovis
pep4,COL1 A2 978-990',1196.74,TGQPGAVGPAGIR,1,TRUE,NA,Ovis
pep5,COL1 A1 435-453',1706.77,DGEAGAQGPPGPAGPAGER,1,FALSE,NA,Ovis
pep6,COL1 A2 757-789,3017.47,GPSGEPGTAGPPGTPGPQGLLGAPGFLGLPGSR,4,TRUE,keratine contamination,Ovis
pep7,COL1 A2 757-789’,3033.47,GPSGEPGTAGPPGTPGPQGLLGAPGFLGLPGSR,5,TRUE,weird distribution,Ovis
pep1,COL1 A1 781-789,898.51,GVVGLPGQR,1,FALSE,NA,Capra
pep2,COL1 A1 508-519,1105.58,GVQGPPGPAGPR,1,TRUE,NA,Capra
pep3,COL1 A2 978-990,1180.64,TGQPGAVGPAGIR,0,TRUE,NA,Capra
pep4,COL1 A2 978-990',1196.74,TGQPGAVGPAGIR,1,TRUE,NA,Capra
pep5,COL1 A1 435-453',1706.77,DGEAGAQGPPGPAGPAGER,1,FALSE,NA,Capra
pep6,COL1 A2 757-789,3077.48,GPSGEPGTAGPPGTPGPQGFLGPPGFLGLPGSR,4,TRUE,weird distribution,Capra
pep7,COL1 A2 757-789’,3093.48,GPSGEPGTAGPPGTPGPQGFLGPPGFLGLPGSR,5,TRUE,weird distribution,Capra
pep1,COL1 A1 781-789,898.51,GVVGLPGQR,1,FALSE,NA,Equidae
pep2,COL1 A1 508-519,1105.58,GVQGPPGPAGPR,1,TRUE,NA,Equidae
pep3,COL1 A2 978-990,1182.62,SGQPGTVGPAGVR,0,TRUE,NA,Equidae
pep4,COL1 A2 978-990',1198.62,SGQPGTVGPAGVR,1,TRUE,NA,Equidae
pep5,COL1 A1 435-453',1706.77,DGEAGAQGPPGPAGPAGER,1,FALSE,NA,Equidae
pep6,COL1 A2 757-789,2983.52,GPSGEPGTAGPPGTPGPQGLLGAPGILGLPGSR,4,TRUE,weird distribution,Equidae
pep7,COL1 A2 757-789’,2999.51,GPSGEPGTAGPPGTPGPQGLLGAPGILGLPGSR,5,TRUE,weird distribution,Equidae
pep1,COL1 A1 781-789,898.51,GVVGLPGQR,1,FALSE,NA,Rhinocerotidae
pep2,COL1 A1 508-519,1105.58,GVQGPPGPAGPR,1,TRUE,NA,Rhinocerotidae
pep3,COL1 A2 978-990,1182.62,SGQPGTVGPAGVR,0,TRUE,NA,Rhinocerotidae
pep4,COL1 A2 978-990',1198.62,SGQPGTVGPAGVR,1,TRUE,NA,Rhinocerotidae
pep5,COL1 A1 435-453',1706.77,DGEAGAQGPPGPAGPAGER,1,FALSE,NA,Rhinocerotidae
pep6,COL1 A2 757-789,2983.52,GPSGEPGTAGPPGTPGPQGLLGAPGILGLPGSR,4,TRUE,weird distribution,Rhinocerotidae
pep7,COL1 A2 757-789’,2999.51,GPSGEPGTAGPPGTPGPQGLLGAPGILGLPGSR,5,TRUE,weird distribution,Rhinocerotidae
pep1,COL1 A1 781-789,898.51,GVVGIPGQR,1,FALSE,NA,Crocuta/Panthera
pep2,COL1 A1 508-519,1105.58,GVQGPPGPAGPR,1,TRUE,NA,Crocuta/Panthera
pep3,COL1 A2 978-990,1207.61,TGHPGSVGPAGVR,1,TRUE,no Q,Crocuta/Panthera
pep4,COL1 A2 978-990',1223.6,TGHPGSVGPAGVR,2,TRUE,no Q,Crocuta/Panthera
pep5,COL1 A1 435-453',1706.77,DGEAGAQGPPGPAGPAGER,1,FALSE,NA,Crocuta/Panthera
pep6,COL1 A2 757-789,2983.52,GPSGEPGTAGPPGTPGPQGIIGAPGIIGIPGSR,4,TRUE,weird distribution,Crocuta/Panthera
pep7,COL1 A2 757-789’,2999.51,GPSGEPGTAGPPGTPGPQGIIGAPGIIGIPGSR,5,TRUE,weird distribution,Crocuta/Panthera
pep1,COL1 A1 781-789,898.51,GVVGLPGQR,1,FALSE,NA,Ursidae
pep2,COL1 A1 508-519,1105.58,GVQGPPGPAGPR,1,TRUE,NA,Ursidae
pep3,COL1 A2 978-990,1217.67,IGHPGTVGPAGVR,0,TRUE,no Q,Ursidae
pep4,COL1 A2 978-990',1233.66,IGHPGTVGPAGVR,1,TRUE,no Q,Ursidae
pep5,COL1 A1 435-453',1706.77,DGEAGAQGPPGPAGPAGER,1,FALSE,NA,Ursidae
pep6,COL1 A2 757-789,2957.4,GPSGEPGTAGPPGTAGPQGIIGAPGIIGIPGSR,4,TRUE,weird distribution,Ursidae
pep7,COL1 A2 757-789’,2973.4,GPSGEPGTAGPPGTAGPQGIIGAPGIIGIPGSR,5,TRUE,weird distribution,Ursidae
pep1,COL1 A1 781-789,898.51,GVVGLPGQR,1,FALSE,NA,Canidae
pep2,COL1 A1 508-519,1105.58,GVQGPPGPAGPR,1,TRUE,NA,Canidae
pep3,COL1 A2 978-990,1210.65,TGQPGTVGPAGIR,0,TRUE,NA,Canidae
pep4,COL1 A2 978-990',1226.64,TGQPGTVGPAGIR,1,TRUE,NA,Canidae
pep5,COL1 A1 435-453',1706.77,DGEAGAQGPPGPAGPAGER,1,FALSE,NA,Canidae
pep6,COL1 A2 757-789,2983.49,GPSGEPGTAGPPGTPGPQGLLGAPGILGLPGSR,4,TRUE,weird distribution,Canidae
pep7,COL1 A2 757-789’,2999.48,GPSGEPGTAGPPGTPGPQGLLGAPGILGLPGSR,5,TRUE,weird distribution,Canidae
